user_id,email,password,handle
1,mvongrollmann0@prweb.com,oP944K!aj_KQB{,fudale0
2,rfender1@who.int,"mT613_{g!t%_,r~2",tpleass1
3,twellbank2@prlog.org,pN061QqJN|YFd2,dbaskeyfield2
4,cdruhan3@amazon.co.jp,wN894.r_Ta`%6R,hallmann3
5,fdedrick4@newyorker.com,qO086Z&qg!zDx,eflowerdew4
6,zpizzie5@europa.eu,kY430X{tfe+0fG,sweildish5
7,tbeed6@utexas.edu,eS797YB+vK2S,ipidwell6
8,chickisson7@census.gov,cL467>8rLZOj,kfairn7
9,fswannie8@plala.or.jp,eB914c\AgfSy=7B,kbalmer8
10,bfleis9@dion.ne.jp,nZ628mKv0,gdigiacomettino9
11,lingmana@vk.com,"gN7891h\BJX,XZ",awarrella
12,dvynardeb@live.com,lM048Wb@/,nlabetb
13,tprydec@nasa.gov,kX123D4ip?,vbrauntonc
14,sfurphyd@goo.gl,vY72577v,lupexd
15,pmakepeacee@slashdot.org,rD230u+=y,remertone
16,btytlerf@goo.gl,rC983=J9M3,gcostardf
17,aoruaneg@hibu.com,dD383bZf<N,cpaeckmeyerg
18,obluckh@marketwatch.com,cZ5015Nyk,labrahamih
19,pspringi@cbsnews.com,bI159TYs,otrayfordi
20,dmcveightyj@amazon.com,pW211qupE!,cprophetj
21,hsibbsk@purevolume.com,lJ207<ONtp?,lottewellk
22,wwingl@youtube.com,uC125E0Nd{b'rC,mdeamayal
23,csilbersakm@hao123.com,eM194Q)0Fw,jandrivotm
24,sdinnegesn@eepurl.com,oC5969#J*!q"W8P4,gshowelln
25,velwardo@zimbio.com,oY7044+dV<mq*,hdwerryhouseo
26,bsumblerp@army.mil,mK586Yq.Sw<,bstearsp
27,ttreadgearq@army.mil,dJ073PppRpK<,scaulderq
28,coggerr@ibm.com,vD632LjT3d%RhJ(n,ejirasekr
29,bearies@marketwatch.com,pB605wuGJ,vcostards
30,mpauleyt@acquirethisname.com,hS672t0_W$l,alumoxt
31,selldredu@e-recht24.de,iO438`|4JU`ef,hdedneyu
32,agriffeyv@sakura.ne.jp,kS688!X4Mmfc6*,esealeyv
33,flastyw@parallels.com,mQ860rXW~COaS5n4,glinnockw
34,ekrochmannx@dailymail.co.uk,qS725%JrH5,rbeeblex
35,htaceyy@gov.uk,lR427E)U<OTe,bdingley
36,iloadwickz@addthis.com,nQ008{\c0(Olc),dbintonz
37,mdyster10@usa.gov,aS486LFX26).m!,thambribe10
38,mfrichley11@yolasite.com,fB128%\m,javramov11
39,mkaspar12@hp.com,kC092S8O/~lcq,dmcbrearty12
40,dlamasna13@sciencedirect.com,"gB593pHqG,",narnoult13
41,pluberti14@wired.com,tQ207`BObiFvM_)O,mnealy14
42,asang15@ca.gov,dR895zLQn,mmacfadzean15
43,cheliot16@naver.com,xG745i#<,taitkin16
44,yrichie17@parallels.com,cF749WN},cmoody17
45,dwoodyer18@cam.ac.uk,sO754j(@|,lfonzo18
46,nharbert19@etsy.com,rU468hMEw,bpafford19
47,etravis1a@nbcnews.com,pQ484*+MXm,shaylock1a
48,ccaroll1b@simplemachines.org,vY547f5W/i`e,aguttridge1b
49,nturvey1c@webs.com,hJ5320.pZLS(=p&>,whebblewhite1c
50,pnaismith1d@printfriendly.com,oW531HZ=Lf<S,mmattusevich1d
51,waudus1e@reuters.com,jT306v$6u"{/XD0F,rkrystek1e
52,emcturley1f@cdbaby.com,rP249H4?{WO+,astearnes1f
53,cdanihelka1g@latimes.com,xY036s%J3W,rgrafom1g
54,egarmanson1h@usnews.com,qB190rs{3,churdedge1h
55,islidders1i@netscape.com,vN427(jmYaS,cpittam1i
56,ewills1j@jalbum.net,sB552U6THW/O'K##,lsheriff1j
57,mwager1k@fotki.com,rV427o$9,llawson1k
58,estranks1l@nasa.gov,nY600_v~N,gpaulillo1l
59,gminger1m@ihg.com,rO176#lcwN,fmackelworth1m
60,drapp1n@wisc.edu,kR0775_+u,pveart1n
61,rpolfer1o@uiuc.edu,cS970r{9o\z@Ut,bvanyashkin1o
62,kregis1p@seattletimes.com,dP7323U0f,amcquilliam1p
63,bzaniolo1q@thetimes.co.uk,sB594G$s9cO,cwattam1q
64,jmoppett1r@time.com,aK604*G)=ds,rbohler1r
65,wbetje1s@shareasale.com,eC679tem,fwreakes1s
66,mrea1t@photobucket.com,"yB090`VrB3/R,`p%",elimpkin1t
67,skisby1u@blogger.com,jE468#0A/U523vQ,aschmuhl1u
68,llindenbluth1v@yolasite.com,jL050s<C,aesparza1v
69,apitherick1w@yahoo.co.jp,rI067IbOd1,hginnane1w
70,gfriedlos1x@bandcamp.com,oD086H&r.{,ckeysall1x
71,rcardall1y@elpais.com,hR119eE5bA={l,llorait1y
72,hburnsides1z@imdb.com,bX542aisOK,csandeland1z
73,slumbley20@shutterfly.com,nE451l(g,bmossdale20
74,gmantz21@tripadvisor.com,iH995qXj$V`=h,mhazleton21
75,bgazzard22@bloomberg.com,lS755um/O=f,mmaas22
76,rjankowski23@blinklist.com,rN910tufP,mweek23
77,acrone24@mac.com,zR635B|om_GLSX,amulqueen24
78,nbedell25@slashdot.org,oC858>#z@&)v\l9w,ghalworth25
79,fangear26@ftc.gov,cW170O~*twDj),bworthington26
80,mspire27@weather.com,xF576+\`h*pgh,dsheering27
81,rgibbin28@vk.com,sB431K?p.KH,rkollatsch28
82,decclesall29@arizona.edu,jP394otfYZVWo\,frattry29
83,bsedgemore2a@webeden.co.uk,pN512/l/63A`D,ckoche2a
84,gcapineer2b@posterous.com,zL6703>Lry<,vcartner2b
85,rforo2c@intel.com,mP209PKD=7&JY#,mdechelette2c
86,kgajewski2d@accuweather.com,jV674YuYgZ,lcutbush2d
87,nlivsey2e@wufoo.com,lO698Cdw@w6"|,speachman2e
88,mlatter2f@about.com,uK400M@b6e,astopforth2f
89,cmaffia2g@sakura.ne.jp,aW620y"3n)v+l*,rshoulder2g
90,aprahm2h@nps.gov,iP912BDXLF7,gkillingsworth2h
91,cwitling2i@foxnews.com,tW089(xdvDm,lselland2i
92,nkiely2j@altervista.org,mV218IAj!|k\*,wtreagust2j
93,mliley2k@mediafire.com,yB0049C)`){,ehamlin2k
94,emccray2l@vkontakte.ru,bN8536+rHGDUWg,bvanwaadenburg2l
95,gzanelli2m@globo.com,lM436tGAjT=770,rattreed2m
96,bvoysey2n@unblog.fr,"uZ869q{3(CXN.,n9",escarffe2n
97,louldcott2o@wp.com,hD447&>9{s,lcrumbie2o
98,wstook2p@ehow.com,fC914twmqAb,ajermy2p
99,trosenberger2q@youtu.be,zS120}9aVkv0,lpellamont2q
100,cballin2r@123-reg.co.uk,rS478t3JB<b,mhuggen2r
101,ljennemann2s@abc.net.au,"lR327,NOyORu",jmccullock2s
102,bcollacombe2t@shareasale.com,iG5893<tgn6,hdeniscke2t
103,rrobins2u@blogtalkradio.com,nT023ALf3A*w`,mmuckleston2u
104,tpfeffle2v@examiner.com,wN996\.cDNO+_Y,glebrum2v
105,isucre2w@chron.com,iC954=Ok_,psottell2w
106,vleisman2x@studiopress.com,uU78161Y%N++tr,vclibbery2x
107,dgambrell2y@dyndns.org,bK207E#QjlI",pbound2y
108,alott2z@slideshare.net,wG162?}a,ocollinson2z
109,afitchew30@cam.ac.uk,"rL297_nw,C.EVlf$",tcardow30
110,abaudino31@bandcamp.com,"eT312z5X4,@/",divy31
111,beddison32@t-online.de,mB159!E1fol0N,achapleo32
112,curian33@indiegogo.com,"fQ943MiS,_@S",rtreuge33
113,gorringe34@uiuc.edu,oJ33752'V!(y>p4,rdislee34
114,akaes35@homestead.com,iS321a.cjD26,aeakle35
115,apimm36@digg.com,wI4349vl|,achaucer36
116,blening37@miibeian.gov.cn,vO190F~2aF/2x,mfears37
117,hhusband38@zimbio.com,lT687juo@m,jortiga38
118,ccapelle39@cloudflare.com,zC313_Vr,pbridgeman39
119,sstenbridge3a@dmoz.org,aX9484"U7Ye}oe@9,kgregh3a
120,hgrigson3b@tiny.cc,gE385hGC},ababalola3b
121,ewoolston3c@t.co,mU36591M4|3@!,atarver3c
122,arawne3d@salon.com,yN740o#)Q>Jd0,nfennell3d
123,phollows3e@auda.org.au,wD498KOP{FKR3)L,hdebruijne3e
124,aantonnikov3f@japanpost.jp,uB310KJCmoWs,rwiddowson3f
125,tcaddell3g@un.org,hS131!K7ol9lVD*|,nalyutin3g
126,apenzer3h@mozilla.com,iG933LXGl9#v,sedsall3h
127,ksliman3i@bing.com,kQ707KcVZs3,bfancet3i
128,bsolland3j@auda.org.au,wI062p?z',zpuller3j
129,rsommerscales3k@webs.com,kX369GYiO!o39h4,tbattisson3k
130,ibrunelli3l@seesaa.net,jS041@1PvC{m,smoneypenny3l
131,npettie3m@soundcloud.com,kS795W7H1t,mmowlam3m
132,dwinsborrow3n@usa.gov,vH578_V8?)lM,dbartholomieu3n
133,lspooner3o@ftc.gov,kH0265p},lmccarter3o
134,aisabell3p@washington.edu,"yC864S|6\,",nferreri3p
135,kcaudrelier3q@ucoz.com,vU737u=g>R3fD,hmcewen3q
136,agivens3r@exblog.jp,vY869XT`kK2_(Fl,kdun3r
137,edommersen3s@newyorker.com,lY880Sn>Xj0O#yJ,centerle3s
138,pnorledge3t@tinypic.com,hL125/M$,rlabbe3t
139,nivushkin3u@yellowpages.com,jG388&>RQ,wpancoast3u
140,barents3v@weather.com,jJ390%Kz8t,spacht3v
141,mchapell3w@theatlantic.com,fL112>5L,lclardge3w
142,cpales3x@phoca.cz,hB865e<fZ>K'<s,aguillard3x
143,lspencock3y@sciencedaily.com,eM139<5*.!O~3jnF,dbartaletti3y
144,ddislee3z@skyrock.com,gW612+*D<CwK>?o,dmacandrew3z
145,htoping40@wufoo.com,kZ295u}<0Wh",wdunnett40
146,ecornehl41@reddit.com,nJ140m*Z,fmaffucci41
147,oheyworth42@xinhuanet.com,hP280<vX0iAf)F,trestill42
148,dlapham43@blogs.com,vE989%j<,gtullett43
149,edarrington44@quantcast.com,bN892}7X>I5!=L+,rgress44
150,alegrave45@independent.co.uk,kW8898Cq4aN0/J{,aseres45
151,kwalklot46@archive.org,tE941T8PC\jXm,bmicklewicz46
152,cbarkess47@uiuc.edu,mW307<x!LGg)D(,peastham47
153,zbierman48@homestead.com,bD612g0Q/)L&,rschulze48
154,rorpyne49@pen.io,iJ480DLr>Mb(yr%,kstuckes49
155,mgoly4a@ezinearticles.com,bF555Mp"U(G#tG8,kvasyaev4a
156,aiacomini4b@cpanel.net,"fU444!m/F\u_%,CX",esanton4b
157,mcavolini4c@fc2.com,nO517&|a{3,kmonkman4c
158,vhartropp4d@fc2.com,"iD812qSw7Zq,FXT\",mshowering4d
159,hbriant4e@hc360.com,"vS394Ym#,j,0,S.h",mmingotti4e
160,mwethered4f@devhub.com,bD594Q+ShD,bsoden4f
161,lbrentnall4g@nydailynews.com,pJ747f}"7?K,ldye4g
162,avandervelden4h@ask.com,yJ495\8P10,rblaase4h
163,llimeburner4i@ebay.com,sM320S3L./Y4~Ft,epresnall4i
164,bhawkwood4j@sciencedaily.com,cS916TY_,mcaile4j
165,velwell4k@senate.gov,kB062(9`,jledeker4k
166,sfuncheon4l@boston.com,iW385r|_*j/C$YE,dscowcroft4l
167,rpool4m@webeden.co.uk,rF178F.dD,ekermit4m
168,vbunnell4n@kickstarter.com,nO481B?%,bfinnigan4n
169,jbagley4o@springer.com,"jF2830,}E!Hp",gniven4o
170,gmcclaurie4p@go.com,cY126$zD,cstaning4p
171,ngibben4q@squarespace.com,aT3878nHmC,wcritzen4q
172,fantonov4r@pcworld.com,nI003pH8X$n,sorringe4r
173,podcroft4s@goo.gl,rM294IL*T,fternott4s
174,whoston4t@omniture.com,lN778QLxXvWSC,kmeneghi4t
175,dbricket4u@umn.edu,xN695"4g+Pyv$,dsainter4u
176,egunda4v@economist.com,"zV766wp94S,",fyakebowitch4v
177,bdonke4w@dot.gov,iJ103sB"z,rarnell4w
178,apuddan4x@nhs.uk,hK685ix*Uj&iI~>r,korrett4x
179,fjencken4y@spiegel.de,yW938JEpZ)_,mtebbit4y
180,wcoomber4z@hhs.gov,sK135?3DQ`wI@L=,ebrunning4z
181,alaurenceau50@tripadvisor.com,mN846%=U10,wpoge50
182,bradbone51@dedecms.com,fM140j\a+,imccloch51
183,erape52@businessinsider.com,bM340y9kP",plove52
184,mhumphris53@google.es,fN902|#O.P@$,mcracoe53
185,dmaple54@google.es,eA927F+"Z,dedgerton54
186,kbaythrop55@washington.edu,eE080Hdv/D,gpurdom55
187,ranstey56@ibm.com,zU430sY_wW28X,aullyatt56
188,ccristofano57@vistaprint.com,xE304W#y%(#QWyG5,hheakins57
189,narniz58@altervista.org,rH341g5"#.,ssherred58
190,lprivett59@kickstarter.com,lA732xECQn_&$a,sdoumenc59
191,kwhittlesea5a@apple.com,gX867!MMeN>Riht,dnorthill5a
192,cyurygyn5b@elpais.com,"gD115,sK",djira5b
193,gfaherty5c@seattletimes.com,rH545Nt3w),bfishlock5c
194,bballsdon5d@bloglines.com,uN502`mfJ3X|n,beverwin5d
195,cbramhill5e@seattletimes.com,oW774rJd|,ezimmer5e
196,csanchez5f@godaddy.com,qX833<Yk{EtYF,lbeaman5f
197,draitie5g@github.com,gP567Hhl,wkuschke5g
198,hsloey5h@upenn.edu,vU918_}3qkjvbgS,plampke5h
199,abugdell5i@sun.com,sF829Ft.n5n,scluney5i
200,omurley5j@ed.gov,dT932euQF,grosencrantz5j
201,tbattin5k@sina.com.cn,mC606M1f=kzH,rcawdery5k
202,ocordelette5l@boston.com,dX1065S5>C'w_4,slabon5l
203,nwholesworth5m@reference.com,kP1827f$N,rwoolveridge5m
204,kcoleborn5n@slideshare.net,qZ7406V9Lkk(9'n,bcavey5n
205,rravel5o@reuters.com,wU563<lm+m,cmcleman5o
206,rbly5p@behance.net,bQ590.ik9P._MlD0,emarflitt5p
207,dhakewell5q@ihg.com,"tL947,2$P@$9",ajukes5q
208,lwonfar5r@angelfire.com,zU608f6V1e5f,akleanthous5r
209,twilcockes5s@eepurl.com,iY255buEXzARV,llettington5s
210,zwithrington5t@businesswire.com,pU337'NV?qQ%_#,ahaibel5t
211,sbrucker5u@state.tx.us,tN5114j5HB,chug5u
212,wphilpotts5v@unicef.org,fJ608nWZ>4'5sI,acheel5v
213,edonovan5w@economist.com,mO401k{|.,kbarz5w
214,crosekilly5x@discuz.net,kB185Db!K6?,rlagde5x
215,hrookeby5y@cbsnews.com,hS228{ksbAaE<n,jvalente5y
216,mcothey5z@diigo.com,jK486.*vgO41Rr_,hbowller5z
217,mjacquot60@fema.gov,mY290o8B},asebborn60
218,ajurick61@dion.ne.jp,aD063.oB7zqITkq,slindner61
219,bdesmond62@arstechnica.com,"tG281,!eF&A?(f3%",eoronan62
220,wwimpey63@uol.com.br,uZ1762~fNQNF,rwitchell63
221,ztallman64@posterous.com,"lO794Kzzj,EQ{n",wdunmore64
222,gbrandassi65@macromedia.com,jQ470c7Vu},lmccomiskey65
223,wgorham66@surveymonkey.com,jC779f(*6Ou5Pkm@,hmeads66
224,fcollett67@slideshare.net,rX612dgAep/,rhowatt67
225,ldolphin68@earthlink.net,jZ115`4qCLs!ECt,bhamlyn68
226,mskaif69@europa.eu,wN318AI4,nfarre69
227,omethven6a@hatena.ne.jp,bK071<4h?X7j,kharber6a
228,jdillon6b@oakley.com,dL989T.x&w,pdureden6b
229,plattey6c@webnode.com,lB618LJvA,rbiffin6c
230,dbrewerton6d@yolasite.com,"xL435#'hn,Z",mdowns6d
231,lclynter6e@icq.com,aL9199cjs)R,aolochan6e
232,karboine6f@timesonline.co.uk,vA636G{U7<?z<,mmarusik6f
233,lrecords6g@si.edu,"nG184J,B`,b",iduligall6g
234,glaimable6h@is.gd,kW647DdSV0CV0zL,vsperski6h
235,tscrooby6i@smh.com.au,eM878*9rAx5,dshimon6i
236,relizabeth6j@t-online.de,fV115OSum>Ste,rchrichton6j
237,aglasner6k@census.gov,aM574\IET?.,eairton6k
238,pwynne6l@latimes.com,wS663Smex2TZx,mrentoll6l
239,frickaby6m@netlog.com,qZ254H)0|SfzP@#M,okitchen6m
240,ladger6n@ucoz.ru,zC783mx?,ddefreyne6n
241,sblencowe6o@simplemachines.org,aR0060#%{~,tminto6o
242,lgurry6p@arizona.edu,bF482T\)2yZhw#,egammade6p
243,hbrownsell6q@biblegateway.com,oQ102c#tF\PD!to,jboumphrey6q
244,cliversley6r@sakura.ne.jp,lG893jFIe,shurdle6r
245,cwent6s@unc.edu,uK641Fg"tCZ?uO,mthowes6s
246,ppaulucci6t@twitter.com,oM109}+X"x~$"%,slednor6t
247,wmoseby6u@ehow.com,gC286I2a,ljeandeau6u
248,jteaser6v@mayoclinic.com,rI786Fi/d36f,jisley6v
249,sjoyce6w@reuters.com,rS734'tw5_g\M,lcromar6w
250,hsoutham6x@statcounter.com,xB328LoH\~AiSm,hrugge6x
251,bwhate6y@google.co.uk,jA126AG=d(#|g~(&,sbridie6y
252,lwoolland6z@ezinearticles.com,xH386@BFh<D,bspottiswoode6z
253,mkalisch70@utexas.edu,tO375$UQ0(28*lA,chaddy70
254,jshearwood71@bigcartel.com,lO429%S9zwcGK,kcowitz71
255,odeangelis72@i2i.jp,sV267}_OL/QK,aberthelet72
256,cbattams73@cnet.com,cF033B!Ph0WD4,chousen73
257,tboothroyd74@buzzfeed.com,xX052eW{BA5cyRve,relverstone74
258,jbrasted75@wisc.edu,hS1607Za=VKG'p,thuddart75
259,tdysert76@last.fm,wA745*_c,jpaviour76
260,gmordaunt77@wired.com,kH2869N9!i5,dcockerton77
261,nshapero78@squarespace.com,"iV534<L,",klillie78
262,cwhelpdale79@taobao.com,fA027S{#U3TZ5%J,kbaitman79
263,ustonebridge7a@bing.com,uU3976<V{Uh>hmdN,lnugent7a
264,dbrownfield7b@symantec.com,zC276_a0#Q23,alinnane7b
265,jrainard7c@google.cn,lI218TcoL,cgonnelly7c
266,ggibbard7d@arstechnica.com,rJ1146@iSq2,blippingwell7d
267,cmars7e@spiegel.de,lU692rcm'QmcUacJ,aamori7e
268,rdavenhall7f@baidu.com,hM034I|dYb/$lD`,cgasking7f
269,lsthill7g@naver.com,cB087jO@TKE,glaybourn7g
270,kfrangione7h@yolasite.com,lN207cFS~,awellum7h
271,nisaksson7i@msn.com,hF798hgtjs,twoodier7i
272,kdewicke7j@cisco.com,tJ25034V,rwallege7j
273,mwickersley7k@unicef.org,dS197xaHT,ajako7k
274,hdakin7l@xrea.com,"mU937MPV,h{HcR",czini7l
275,sboyse7m@nydailynews.com,vF828&8Y{3,rsollner7m
276,xpearmain7n@nhs.uk,uF304I..t|5o5,ebailiss7n
277,mbeacroft7o@goo.gl,fS962)>%%Rte,averne7o
278,vminucci7p@admin.ch,yK870'W2'wR"P3_Y,citzig7p
279,mgowanlock7q@cyberchimps.com,aP488Cp/6YL,bgridley7q
280,eaprahamian7r@ezinearticles.com,qI277RNyRU,mcrame7r
281,lisakowicz7s@addtoany.com,jW191XEPk,racors7s
282,gdemange7t@bbc.co.uk,rX173eRN,mspellacy7t
283,amoxley7u@uiuc.edu,rT967u)Yv@,dbarthram7u
284,breynalds7v@prlog.org,bE548ceHzD_7n#,hfassam7v
285,pkobel7w@fda.gov,tX7315pIv\jbf},mshercliff7w
286,ebosnell7x@un.org,bS691GHnjO1,lrenackowna7x
287,jpanketh7y@youtube.com,vW180ZZ@,mtansill7y
288,bmcilory7z@wikispaces.com,nS578o\+s},tsappell7z
289,cgagen80@forbes.com,sL222+'@1D~B,craybould80
290,ewilce81@geocities.com,bW614t"fI,raudry81
291,sstille82@weather.com,dC072TAE??pV@fS,bredwall82
292,gaickin83@gnu.org,mN219BLz"r7nu),dgarett83
293,kwimbury84@toplist.cz,"pA127D\X3,,J%",ddeuss84
294,kwathell85@ucoz.com,rY420XMmVF,jduckinfield85
295,jhanmer86@ifeng.com,iQ3784S&8o_y\C,vcarnock86
296,rsally87@qq.com,wF358(L>+|5`f9,ceayres87
297,kcunio88@desdev.cn,oC79591#OId,mbeales88
298,hlyal89@tripadvisor.com,nS317C#XYis,dhallward89
299,ahardington8a@hibu.com,eO707vo$W_r?lX,pgollard8a
300,bdyhouse8b@xing.com,eH808ZgS,beberz8b
301,dmcparland8c@indiatimes.com,iJ319+ml&B,csilburn8c
302,bbaudon8d@sakura.ne.jp,rP020LhWy"w5v>,sdelph8d
303,vheinzler8e@ted.com,gA848vFIa4,mfowells8e
304,egong8f@1688.com,iV946dX9N,tmanicom8f
305,dlademann8g@hostgator.com,oK143vHJavDE,ndodamead8g
306,rbyway8h@independent.co.uk,nQ800tKEVmt..,lchipperfield8h
307,fbilyard8i@businessweek.com,rQ167=e5dU1cPWv,tpetracco8i
308,cgay8j@mlb.com,uF251}<A,rleprovost8j
309,gellerman8k@deviantart.com,zO343'ii}fypNZ,clisett8k
310,dmckellar8l@sina.com.cn,mJ205sQB,jeilert8l
311,wschwant8m@indiatimes.com,uX971CB>=k,lhollow8m
312,rcowle8n@geocities.com,nA139&!I0(bmPc~,hcrean8n
313,mgimert8o@narod.ru,aP1170+m<,ablenkinship8o
314,dcordall8p@illinois.edu,iW952+XR/,cwallhead8p
315,awalpole8q@yahoo.com,"sF774CP,(&)S",ayegorovnin8q
316,dlubman8r@plala.or.jp,sZ771}}X,lswatheridge8r
317,hmanners8s@amazon.de,aR442mvVXpKuzL,ksalisbury8s
318,jgouch8t@indiatimes.com,oM366$ks7,cmccathay8t
319,jmarkos8u@yahoo.com,"lN526|,e'`Nd""V~",jantonietti8u
320,rdodshun8v@merriam-webster.com,dX641N\%,rwhitehall8v
321,hswyn8w@gov.uk,"gT269qg~,Uo$",fbrenstuhl8w
322,akissack8x@reference.com,yB376YrLArh5&4u,tsherbourne8x
323,mgrabiec8y@canalblog.com,mJ071AjhJZhQ,mcoltart8y
324,apyffe8z@mapquest.com,rO927BC\\Q{IIR,jmiddlehurst8z
325,egrewar90@qq.com,"sY656,~p\(*w}",eerasmus90
326,calsopp91@redcross.org,jJ279\xr`c,scraw91
327,cpavy92@wikipedia.org,vA835'uJYgp",rcheco92
328,sarcase93@state.gov,wU492yjby$"8,ltait93
329,vboatright94@cmu.edu,sX479UuE`6,kghidotti94
330,irieme95@omniture.com,yJ277!~!`x?qGpbG,drosa95
331,asailes96@youku.com,sJ105rtw%G0~O,ahallbord96
332,cholmyard97@samsung.com,kA232gA!gqce!U9v,kjime97
333,tocrevan98@delicious.com,tD096)Gr&~$T,dbanbridge98
334,jthreader99@google.com,mQ070r|Q(ktw,cgraalman99
335,hbrewster9a@reference.com,kJ411$VMLbQ4iU),jstanbro9a
336,spiscotti9b@chron.com,tD970P8Siy9Ck,sparry9b
337,bjansky9c@europa.eu,hJ761Z`P)@,tyurshev9c
338,ldeer9d@tinyurl.com,sJ297$lCPBY9srPL,bbacks9d
339,alaetham9e@vistaprint.com,dN661vvTT,lkeyes9e
340,kkaradzas9f@accuweather.com,wA481r16P}5XE,fantoshin9f
341,flecount9g@whitehouse.gov,lR462OAGiSe,rtabbitt9g
342,acooper9h@seesaa.net,"mA204$,>hU!0",okelledy9h
343,astrood9i@marketwatch.com,tG272QW3>1jbZa/,ygilleon9i
344,ckidgell9j@merriam-webster.com,bE479E@I|"zY#P$,ptoplin9j
345,jkiwitz9k@amazon.de,eR870vmQ1w<,kjenk9k
346,bmartell9l@google.pl,hO582Rv=%S,sknocker9l
347,dbangle9m@cbc.ca,yF249oCdzO,dnewlin9m
348,slessmare9n@bloglovin.com,qE044XyY2etG,mdunkerton9n
349,vfelder9o@ehow.com,nH056msHJ&J0,gbowdidge9o
350,zbengle9p@hexun.com,xV493/!"n*",tclements9p
351,dbabinski9q@surveymonkey.com,tH186|5n/Md>kKV,rlethabridge9q
352,hdavidavidovics9r@java.com,mC659yQvC0C,bhouseago9r
353,dspearman9s@hugedomains.com,vX241vI'dw2iN,fpechell9s
354,ckollach9t@photobucket.com,xM819FymXhy*~,kmuttitt9t
355,tcromwell9u@washingtonpost.com,yD934mlodRL`1nt/,mkenneford9u
356,eyearne9v@t.co,aT453X)AH}#u|,sboole9v
357,goldcote9w@wsj.com,uS878_'DP5@<,uplail9w
358,iimpleton9x@spotify.com,lR205HGs,bharpham9x
359,csherebrook9y@tripadvisor.com,rM174`A0Uu,jdillistone9y
360,adibernardo9z@sakura.ne.jp,yN572{EWlVS6Eh.R,jtivolier9z
361,aandricka0@engadget.com,tK105d+@,lpashenkova0
362,jlequesnea1@php.net,tU587<W+XQ#ar9F,lemmensa1
363,acarreyettea2@meetup.com,hH779xXmJD=oyfIl,hburminghama2
364,nahrensa3@amazon.co.uk,oW362+Zp!sQOS|z%,gmardlinga3
365,eloudiana4@ehow.com,uI7118ShK9)W5xP7,nharrowsmitha4
366,gdanniella5@tumblr.com,gM668+n3),pmacterlagha5
367,lpatemana6@yelp.com,yJ936axI<,ievansa6
368,iwrenna7@blogspot.com,aJ084*%WtOPGBlef,gescudiera7
369,jwinfindinea8@accuweather.com,eE385=7c,ttestina8
370,nbruntjea9@nps.gov,"wQ833,'sq",vlovemana9
371,dkimburyaa@hubpages.com,fA1863g@7asN,zbleymanaa
372,dlarrosaab@engadget.com,eI568&y}v="EgV`,acollingworthab
373,glowcockac@paypal.com,qB107HMcn5e$.$,efossittac
374,fharpad@wordpress.com,pZ880Q|m,mshippardad
375,ejancae@hud.gov,zI357YClF=,gburberyeae
376,llegalleaf@geocities.jp,nB502nt_#+I,npitthamaf
377,tstowag@auda.org.au,yG166VFNYL>o{20#,lrapinag
378,fdruelah@ftc.gov,yG4280>XMPdDRfAi,mcropah
379,chayworthai@berkeley.edu,zP349pCv!g!ffW7,nwarcopai
380,akeeseaj@europa.eu,lI925WTl"},inormadellaj
381,sleadsak@a8.net,sW156T+sojO/NO`s,lblaesak
382,fwilmanal@squarespace.com,jH150*HS5+N,emiebesal
383,jleestutam@mozilla.org,xD814Hy+}W`1),aoddam
384,tmacmarcuisan@slideshare.net,cL5760uw'm5b,rglasspoolean
385,cmorfieldao@feedburner.com,tK197I}=D2I,edallossoao
386,faveryap@tumblr.com,mG834iSO,cfrendap
387,mdelaundeaq@about.me,sE769X%1?r@Pqo?,amackillaq
388,cvanderbrugar@wiley.com,wU648msc{7X,khulancear
389,ssweetenas@liveinternet.ru,"cF164Ei_y,eLZ",obrazilas
390,npomphreyat@narod.ru,yR277|6nZ7jm,ngeerdtsat
391,vzealau@nature.com,kM870.uJ,amanselau
392,tviallav@topsy.com,iG235PFeWzfF&,qrawlenceav
393,atamburiaw@meetup.com,gS850?}\k3$\3i,tdonnellaw
394,oryallax@omniture.com,gO318MrnUo~1qE,kdeguaraax
395,kpuffettay@dell.com,nL343Q~',dwestwickay
396,kbradforthaz@usatoday.com,cW7478ij,ppughsleyaz
397,nroomeb0@abc.net.au,rN451x)R+m&tx),wlardezb0
398,mgirvanb1@cloudflare.com,xP412"(u(ICy,bvantb1
399,aaggetb2@nps.gov,hN236n2vm7c_FhtV,clicarib2
400,barnoldib3@technorati.com,sU89541?Q,cgouldstrawb3
401,eboothmanb4@techcrunch.com,qX291+%5l,aruppertzb4
402,fgurnerb5@ask.com,"bE830,st@b%",ecordeaub5
403,nchurchesb6@columbia.edu,rL778lUFO%?F4'i,jdrinkwaterb6
404,adowbakinb7@sfgate.com,fV356\tRULVr,mmurbyb7
405,pwadleyb8@4shared.com,eZ985MUyIZJPEjpk,weberzb8
406,sburnhillb9@goodreads.com,vU07941P.),efinckeb9
407,jlaurentba@cafepress.com,dD973U}!1rlK,ereganba
408,bfrakebb@guardian.co.uk,nO357!>lnb,hpochonbb
409,msiddaleybc@ucoz.com,bI7336{@A="x@z,ndaglishbc
410,hbrookfieldbd@mac.com,zK912/8wv,cnevisonbd
411,mseagebe@ucoz.com,qO214%$vEc,dfildebe
412,jfraniakbf@barnesandnoble.com,yS505NzGbN7$,msesserbf
413,jmonckmanbg@guardian.co.uk,"zG202+L'6%{m,Pws",lmccrainorbg
414,carnizbh@xinhuanet.com,fV264(lK>Y,sbuntenbh
415,dcammidgebi@hibu.com,tH371TVEp0c~g{,sbyllambi
416,lcapstickbj@telegraph.co.uk,hD0603umf},rchallengerbj
417,abanbridgebk@privacy.gov.au,oL692Sj26}JHqSo,rfranksbk
418,svittlebl@vistaprint.com,tM755GC}x,tswinglehurstbl
419,nstolbergbm@etsy.com,uF730BNhJi,aepinoybm
420,gchristophebn@ihg.com,bQ5164nId,ewaisbn
421,ctomaszczykbo@free.fr,qX348l0lCiAr9o)|,dreiglarbo
422,lrhodefbp@naver.com,pD59314S,cedwickbp
423,gmcamishbq@nature.com,xA015Uep{FqQI,jmushawebq
424,rcarlssonbr@last.fm,yM738?GJAS\MCX9,ssidwickbr
425,hdefrainbs@reverbnation.com,hU036>k@iDrt|H,gnowakowskabs
426,bfleemanbt@pen.io,kF030~!oIt5m,cjirasekbt
427,dbillsberrybu@tinypic.com,oX863_Z_+7Yn,jottambu
428,wmelmarbv@friendfeed.com,tJ435Ppw6UYG,droydsbv
429,zkhristyukhinbw@wikispaces.com,sO090+sa7Z3ZP~,kmcconnellbw
430,wbarthelemybx@altervista.org,lY992m2=,ccapounbx
431,cmccaghanby@com.com,eK04954V!EE0labN,eboutcherby
432,agokesbz@nytimes.com,"rL334&o+,",vlemmensbz
433,vkissackc0@google.com.br,vQ0012=m%<Zp!v,clapreec0
434,jadamowitzc1@slate.com,kR716zeeF,mgertzc1
435,jteffreyc2@infoseek.co.jp,xC677KJ+,tbrazearc2
436,mrosebladec3@sbwire.com,nM811AG<l,njoulc3
437,teyersc4@howstuffworks.com,bK420ty1PV,vkermottc4
438,avolksc5@symantec.com,sQ119eT$sEjw\T,nmcguggyc5
439,fquarec6@tamu.edu,aV872GRAt(?mzodw,eeddowisc6
440,bcarneyc7@pen.io,wV253*9y|mRHy%Gc,mbasilic7
441,dkubinc8@taobao.com,"oY136,qNbGu2>",lwoodmanc8
442,ddavionc9@bravesites.com,eG37051YK*G}b,dlacknerc9
443,wstorkca@nymag.com,lF762=H/AzrwJ0G3,mspellsworthca
444,obraceycb@ocn.ne.jp,fK962/!#rs,dbeeswingcb
445,mfellmancc@yahoo.com,sG806(3f,jpaucc
446,ahunnaballcd@lulu.com,"xK191,N2g{am",dneilcd
447,jraimance@xing.com,"oT999P2BWCh4Th,Y",jgelardice
448,tcockettcf@google.cn,aD392.Uz},mlawerencecf
449,ecochecg@seesaa.net,gU824tK"!i,bmarjoramcg
450,ehenkensch@usda.gov,qF991N5=B?A5K,spulsfordch
451,mbenedttici@chron.com,mT447w%.A%AN,rsteptoci
452,rsouthernwoodcj@bbc.co.uk,tC803B%cqdS,mocuolahancj
453,bhansieck@imdb.com,uF498v$ms2RrxX,scouroyck
454,rjedrzejczykcl@state.tx.us,mU682rFIC_HZR2,jchawnercl
455,gstonebankscm@alibaba.com,aL072jR{,bbumfordcm
456,bfallacn@tripadvisor.com,pK867D_7Pi/B\/y,aordcn
457,dsalvadoreco@unc.edu,mK588VD+'kX}oI,mjeffcoateco
458,shaynesfordcp@oakley.com,nQ721.fu<b,bkascp
459,acurrancq@va.gov,yZ6396VPQL,bmatschekcq
460,btenbroekcr@google.es,xG207MD{3&V,dtabardcr
461,hfishwickcs@surveymonkey.com,cW358J9SXq,akintoncs
462,palvyct@zdnet.com,eW003hW{2fPr},kquodlingct
463,ymiddleweekcu@discovery.com,dZ844t#02,tdriscollcu
464,eyeldencv@howstuffworks.com,gS442o7A=,abootscv
465,pshadfourthcw@printfriendly.com,"zA804LTl,W",wpescw
466,tmcguinleycx@redcross.org,vG7531R!6sTEj,ireglercx
467,cladlowcy@state.tx.us,bF1811N2mG"~1,gmillcy
468,cyakuntzovcz@amazon.com,fB061/K8|s,kslingsbycz
469,rraatzd0@github.io,gV6066%RplwEbJV#,mmahedyd0
470,gstobbied1@wsj.com,gB690i.5c,crodenburghd1
471,mdobbsond2@soundcloud.com,sY887$Xz=.j%_U,tboullerd2
472,tmanuellid3@msu.edu,lM455d&!snPt*Y,dblanchd3
473,cdavittd4@fotki.com,hQ979|vU,cdraperd4
474,gbollisd5@hubpages.com,nD092N*c,vhunnamd5
475,slarkcumd6@taobao.com,eY073bO"Z|&HO,bspaltond6
476,kstrelitzerd7@altervista.org,wH32561x.baAAWp.,otwitchettd7
477,rllewellend8@barnesandnoble.com,mF312!7@XRyO'&g8,dwillischd8
478,lbroed9@discovery.com,yD795>9QEm8N"O,astickfordd9
479,tpoulsonda@si.edu,wE128jKc2g58,ghannondda
480,vlivelydb@usgs.gov,vY776<RoE,arosenqvistdb
481,rselwaydc@tripod.com,xI5233Y\6"Dj,ebarnacloughdc
482,smunceydd@cbc.ca,yD179G44k~%,kfroggattdd
483,kbonehillde@salon.com,qT411a\*4j&u,sburmande
484,vodochertydf@ox.ac.uk,lA9265VN,rplomdf
485,nvallentinedg@vkontakte.ru,mB200R/pFz`ZV6iW,rturbaynedg
486,ddesmonddh@hatena.ne.jp,qP736`Q6eic)=x%Y,kgarvindh
487,cmeneelydi@weebly.com,mU471i4/xOKR$/l,mvedmoredi
488,omcartedj@nps.gov,xW340<bC,agrethamdj
489,lcrazedk@merriam-webster.com,uE998q<?,ehenstridgedk
490,jmustardedl@ibm.com,qA883gD~i&Bc!>,cwrightimdl
491,lkopsdm@blogspot.com,gW495fX%xa@s='},mhavocdm
492,dplowelldn@fda.gov,bZ466d$Pm|2,eleeddn
493,cmcalessdo@techcrunch.com,tV628o<rx,ejoppichdo
494,mmacanedp@theatlantic.com,pB732c3>Ao2,bdenyerdp
495,aosmondq@foxnews.com,eO461(|KQE,lrumbelowdq
496,asoftleydr@yale.edu,iM816%eD,egaymardr
497,ssturneyds@icio.us,pJ319yvFcu,cdunbavinds
498,mlenourydt@pinterest.com,jI2776RI{KH>,bdurramdt
499,cminchindondu@hexun.com,"rR024,Do`RJny_9",mdunrigedu
500,asymmsdv@liveinternet.ru,vZ388isF=xrqpkt,dtyndalldv
501,pstangodw@e-recht24.de,rD402th9b3G)Zne,wwelldw
502,ecassdx@pcworld.com,cU599(_\,rtysalldx
503,vpondedy@vistaprint.com,hO658@IU?oXJ"{,akennerknechtdy
504,rbalcombedz@mediafire.com,pS738?l>P.)E@P,cduftydz
505,ltolhurste0@joomla.org,wB350!tEeRtf,sjanczake0
506,feliete1@ihg.com,sC673lGP`,ykiddeye1
507,byakunikove2@independent.co.uk,lT778yZC8nL#GU,eneubigginge2
508,mlistone3@blogs.com,zQ6985`Qi2,agovenlocke3
509,bledekere4@amazon.com,vR636?Mb2`,hrusse4
510,chemberye5@unicef.org,qL347xq!crfx,gmackindere5
511,tpattersone6@live.com,iH779JRHDe<,bhamlingtone6
512,bcowsere7@indiatimes.com,bY580aZl75"(KOU,rlaysone7
513,akiddye8@mediafire.com,xF862Q{@f,nconiberee8
514,adiamente9@mozilla.org,jI419*VNvxMjt,mrolfee9
515,bbradborneea@google.com.hk,hT845QK|j%0<.9%,mmckendryea
516,lgoldineb@livejournal.com,"lW557er%$g(SXR,x",bburnyateeb
517,ltellenbachec@about.com,cU179o11Gt,tprattonec
518,aperigoeed@epa.gov,xM051B{q6\B!ayXN,esalmaned
519,strussloveee@phpbb.com,gL953Z7}YVY,cwimletee
520,rupstellef@tinypic.com,wO974x~)2R,llahiveef
521,klamboteg@rediff.com,sP0410upMln,ddaseg
522,neighteeneh@creativecommons.org,hC891A6%<}\k!,bmolloyeh
523,cprophetei@ca.gov,eE6713tg\?CKibq,tglewei
524,aspradeej@forbes.com,fZ195RC>$,rfrissellej
525,bocollopyek@wordpress.com,lD0551Q`l,mmcvickerek
526,jbunworthel@army.mil,tL948~$ua*,ldaytonel
527,irumbleem@issuu.com,sM391=3@'tuI/,mmcmackinem
528,nodyvoieen@discovery.com,rK426#qqlg,rdowleen
529,scroneeneo@networksolutions.com,jX532!=C/OZ,gsteineo
530,zwillgrassep@newyorker.com,rQ437Avq"Dq,mhabbershonep
531,bhawkwoodeq@miibeian.gov.cn,mD080tDh,lcushellyeq
532,emadeliner@quantcast.com,zX698kA7$$iVE,kanthonsener
533,dgirthes@360.cn,hS2265l|l_)VE,lelderidgees
534,ademeadet@goo.ne.jp,"jL382=(+xY+$Za,}",eteageret
535,hwordeswortheu@google.ru,kA842dKB,aillemeu
536,lblakslandev@facebook.com,zF041GMzZG9,ecurtisev
537,lquantrellew@cbc.ca,pU227ymKHfdiqD,rprangleyew
538,tleveretex@aol.com,bP783|&KcrHJ,swressellex
539,qsleichtey@jiathis.com,qQ615`z"K\(*xKR,cellingsey
540,cdaughtonez@mapquest.com,tV333z0tC&.JJub,jremirezez
541,apacherf0@yolasite.com,sF374st&FP,athulbornf0
542,ikordingf1@mayoclinic.com,nC216%@D$=,mnaismithf1
543,ktocquevillef2@printfriendly.com,vF396/lPzJ|R,dsuerof2
544,ihalfacref3@hexun.com,mV050`J`z,ekarpychevf3
545,bsnyderf4@hugedomains.com,uF878.b2&U$8L,bdermottf4
546,hbeesonf5@rediff.com,iG146HOhJzGcl,ldighthamf5
547,cflaunierf6@ocn.ne.jp,wZ756SwWFt,suzellif6
548,gblachfordf7@seesaa.net,"jS853NL,b/Jes(",amarmonf7
549,dvernaf8@rakuten.co.jp,tR506aX!q,kdegoeyf8
550,moconnollyf9@archive.org,kJ990>/gT?4/aM0#,bnewcombef9
551,rdybaldfa@icq.com,dY416Y$7&_W1_$+e,arossonifa
552,yreesefb@uol.com.br,nZ552NFcpcz2t,gmorenafb
553,ogheorghiefc@ihg.com,iX761/\%N,cstrethillfc
554,fbarbourfd@last.fm,fK939'T|6{FK?8,jtamplinfd
555,kapperleyfe@nydailynews.com,gA476cBQtQoQ6&N,dlarosafe
556,abaggallayff@sakura.ne.jp,cT411hRAVA'z><,nklagemanff
557,xbernettefg@youtu.be,dU940'e_M2D+93|,tdeferrarisfg
558,nrichiefh@barnesandnoble.com,rS422WGm',mpritchittfh
559,kwhytefi@vkontakte.ru,"wR092|.(KcUw~,",msandisonfi
560,clayzellfj@amazon.com,oX627eOo\PGQqIIf,nwarnefj
561,mroebuckfk@deliciousdays.com,eN159Z2\,acastonfk
562,mstonardfl@youku.com,"cH275@zSuw/g,7s",dthumimfl
563,fbeesleyfm@imdb.com,qG434l3M0_.L,eglassonfm
564,ehardernfn@aol.com,vC524_j72'b,orowterfn
565,rrabbittfo@bbc.co.uk,fP808!TmG&An>,esteanyngfo
566,gchatainfp@chicagotribune.com,eC345*a8`K?K,fdredgefp
567,jselwayfq@chicagotribune.com,wH686bFsaAM"IEx",azylberdikfq
568,edelorenzofr@cafepress.com,qB000w6Zx{#U2,lrosparsfr
569,abrazfs@japanpost.jp,iJ249R8{=4,jdeenerfs
570,whurdisft@hugedomains.com,sH625{9/9rT9~*dn,skonmannft
571,kwakefu@ftc.gov,lK383}Q5,vbeynonfu
572,hmacroryfv@japanpost.jp,qS049pYGvicEBQwh,acrossgrovefv
573,nloudenfw@ifeng.com,eP054U_)(FmN0sMp,tzmitrichenkofw
574,mcrevaghfx@vimeo.com,jY735Qpk1Ehs`3,cblaydfx
575,jbridgerfy@soup.io,xN653kED6JbIKw0,lattriefy
576,jthurlingfz@weibo.com,sN036?OsENQ@/,ngallowayfz
577,clicciardiellog0@npr.org,cT608b>b`E+!~+,iditterg0
578,aedridgeg1@nih.gov,nL0269qYGNO#,dcaselg1
579,ggoodayleg2@cisco.com,qW516?J=~oj*U,abartolomeottig2
580,alabellg3@phpbb.com,iB413V_yPFBB"`Y,drosenbergerg3
581,gtargettg4@hibu.com,eJ354non`|,bfearnsg4
582,emeyerg5@arizona.edu,bL321O9=x9Gz,hguilaemg5
583,coxtabyg6@mediafire.com,mM753$=j%3,forvisg6
584,cbaversorg7@indiegogo.com,aV707_E(?K,msandfordg7
585,ttrappg8@dropbox.com,eK1200{r$|aAx_,ealesbrookg8
586,ggarwillg9@yellowpages.com,xI602_a&M,enabbsg9
587,cbeevorga@harvard.edu,sS735"'up~KlV(!j,opatricksonga
588,mabraminogb@blinklist.com,rZ265iE"$,abastingb
589,jfraczkiewiczgc@feedburner.com,yF392`/jhuz,lskipworthgc
590,kvalentegd@stanford.edu,hD866x'5NZ,apieraccigd
591,tkellockge@imgur.com,qN394+=JjS,mwedmorege
592,sableygf@cargocollective.com,rL472}xdgk,chenworthgf
593,vmaygergg@europa.eu,xX5412qk,eechalliegg
594,rskotchergh@barnesandnoble.com,lI7217=)Z,jfeehamgh
595,fsurgeongi@ox.ac.uk,pH404Aw)?+7zBz,rmacelanegi
596,dliffeygj@issuu.com,fA471ErjI1z,mcloutegj
597,tmacfarlangk@ihg.com,oK289?%zr$ie/XG,ccollatongk
598,cwelburngl@cam.ac.uk,pU948=Zzmxv$F,hiacovacciogl
599,gedlyngm@intel.com,bM201jRLQ,bleggengm
600,gveckgn@mayoclinic.com,cP714UANp,mtoffolinign
601,psiddaleygo@domainmarket.com,eL936CUre,freisgo
602,tstaytgp@clickbank.net,xI412p?SmBgN|Uf>,epatzeltgp
603,ayogq@vkontakte.ru,pB627=>5,ebeaconsallgq
604,relgygr@wikipedia.org,yL967tEo{5Bo,mlonglandgr
605,npolgs@google.ru,qC033n'`%OJT#H,bjoncicgs
606,mdunkersleygt@mapy.cz,tH230g)2MI0,dcrumbgt
607,eplesinggu@clickbank.net,gX530gBiIac`,mlouisgu
608,zbremeyergv@sitemeter.com,hJ303!lnJ"\sc.a,canettsgv
609,lpearngw@cnbc.com,uE711}A\HRPDs.Qn,mdarmodygw
610,ecaldwallgx@ucla.edu,zH229y?+!eg,dprendergrastgx
611,cnavarregy@wufoo.com,nH368gNW(,sbalmgy
612,dflockhartgz@csmonitor.com,jC763q'Bimk,taddionisiogz
613,ejirkah0@mayoclinic.com,"iF156""fjb',Xs`M&",lfearnsh0
614,zhullahh1@cdc.gov,gP873<q`QRcKh,jlaurensonh1
615,ahousegoeh2@taobao.com,bB054bI/C,mpocketth2
616,cpickvanceh3@psu.edu,jT566zqok,odanserh3
617,rwenth4@thetimes.co.uk,rA880UY+,ckinnetth4
618,mveeversh5@hp.com,xF007mJQ%,sscourgieh5
619,nreelyh6@github.io,wN426*O>$=%U$,ebilsborrowh6
620,forpinh7@cnet.com,rK433/D\eEo,abiasioh7
621,nfruserh8@cisco.com,kI540rfagAMJ,dgrayerh8
622,jolehaneh9@godaddy.com,bJ114_7T6O,gswalteridgeh9
623,bwolfarthha@vinaora.com,jT419rkbHb},glaffoleylaneha
624,ebowellhb@wired.com,jX735zFp/0.2j,acrowdhb
625,glambirthhc@mapy.cz,qN430sLp`Ji>u,bballinghallhc
626,sjoneshd@foxnews.com,"sN183,Bu/tI2_z",gaudushd
627,pkruschovhe@latimes.com,fM611cho,lhuletthe
628,dhaskeyhf@xinhuanet.com,pL567i>ha,cpassiehf
629,tmcilraithhg@yale.edu,kP8729g'8uj=!,bmacconnellhg
630,lguillilandhh@cafepress.com,"qC708kr,0Toqga{",kwhatsizehh
631,ecourtenayhi@slideshare.net,"zK325D,GwNYEw",ccockshuthi
632,rdymickhj@blogtalkradio.com,hC288Cu*R6lz|e,scappelhj
633,nspowardhk@surveymonkey.com,kP609Y{g3Ubhi#t,eforthhk
634,bmoppetthl@stumbleupon.com,hK555F\X>AQrrg,cdymondhl
635,asayeshm@chron.com,wH856bl}ch,fjeweshm
636,sdorianhn@bigcartel.com,tE598w.gi7~dI",alunneyhn
637,hshacklefordho@ucsd.edu,cW287@L7AqO%+D)@,tsneezumho
638,gcabedohp@marketwatch.com,jR0845\~#S,lskeldingehp
639,fbrodiehq@ucoz.com,gT916\|6+,cgoveshq
640,ljacqueminothr@yolasite.com,lA418tHm,bcrinagehr
641,wocklinhs@ox.ac.uk,bX661u<!CQn\,mmechellhs
642,jfusterht@bloomberg.com,wF693/sQV(t04Id,rgrewht
643,jgreenwayhu@narod.ru,tI523J/qhKaq'@sk,bschofflerhu
644,dsomersetthv@ed.gov,rO362G>BeCawqP,bleatonhv
645,cconaghanhw@cam.ac.uk,cA2230q/o,vpeachamhw
646,ajeunehx@bigcartel.com,mS323`x6,tkillgushx
647,ogreenhaughhy@wordpress.com,oD594yOIzS,cjeratthy
648,lalmeidahz@auda.org.au,yX782K*qoD'M+,fpinkardhz
649,agogani0@utexas.edu,zX826=eT6Jsd,cdominyi0
650,kfriedenbachi1@nyu.edu,"dO104yCO,4Le",tinglesoni1
651,mcyplesi2@oracle.com,hA841EYAB3gJflTh,aderretti2
652,lhumpagei3@cargocollective.com,tF222VBd1nU,stysacki3
653,tlabbeyi4@rakuten.co.jp,dM237l&~I.\9.C<,jravenscrafti4
654,sdroni5@rakuten.co.jp,yB699S7k153Y'Vy&,hwalkowskii5
655,gcawthornei6@webs.com,sX954@aU,edanielskyi6
656,esticklesi7@about.com,nW404WdZMDn,coelsi7
657,jiredelli8@wikimedia.org,rY499{Nm,trymouri8
658,toxshotti9@cnet.com,"zY562OUM7l,$~&r",achristali9
659,qcrowchia@msu.edu,kW136{vYBfZ,cdodsia
660,imurthwaiteib@behance.net,qP8353pi'Vj`),apamplinib
661,ncotesic@goodreads.com,oQ619w.PI7MsLes,mbentsenic
662,dtelezhkinid@1und1.de,"gZ410Ol,!HVO6",msandifordid
663,hhuleattie@upenn.edu,cO111=Mo\nz8,mlawreyie
664,dvinckif@free.fr,aD867VJx1T|@ba`H,rglasscockif
665,odomkeig@cpanel.net,gH533_}8h%I_1Q,tlovartig
666,mlahrsih@opera.com,tQ841uPT),bbeckih
667,dwaistellii@tinyurl.com,eD832pBLN3,marnaudinii
668,chowattij@archive.org,wN529N!=K/)#m=J%,bbadrockij
669,sferroik@nifty.com,kU880kJjF*bm,fbastoneik
670,bgumeyil@weibo.com,dU607LOd8{,scobonil
671,mhucksterim@hhs.gov,fS095D+?pn,jgrabenim
672,jlavarackin@ftc.gov,vD424tL}>q!E,prablanin
673,fhalwillio@amazon.com,yL584phF3&'Z,nbidwellio
674,jtallboyip@163.com,iS6263t6RQ37,apeattip
675,caxstoniq@nymag.com,bE7182>"4~A,kdotterilliq
676,wnealandir@bloglines.com,xJ120%@}qoScIjKj,adaubneyir
677,echatelis@uol.com.br,eO262hX_4q~,mthreadgouldis
678,sgodwynit@google.com.br,"oA435WPLyy7bJ,Y",tsilcockit
679,cnevittiu@people.com.cn,wX289F2.w#~G,mloughneyiu
680,shitzschkeiv@admin.ch,gP933F.K,mspaveniv
681,kknightiw@cornell.edu,fY480cZ.F4,vkeymariw
682,hvalleryix@twitpic.com,fM740#WrRFi#PBk,hderocheix
683,rpreatoriy@engadget.com,kT660x"bkN,mmatyushonokiy
684,dmilmoeiz@tripod.com,"kV8258t.$l,",pwaywelliz
685,facottj0@networksolutions.com,dF978S/\o*`T=(j,gslaightj0
686,geliezj1@scientificamerican.com,kR381i7q$7.|'(I,balisonj1
687,pdundridgej2@mlb.com,gM617'phHCB1"K,egrandhamj2
688,tclitheroej3@cbc.ca,vD457Vo`xK$s#t,ecoytej3
689,vwillcotj4@technorati.com,jG059#}o,bowlnerj4
690,sscrivensj5@mtv.com,pS076|pG+X,acudworthj5
691,bsextenj6@huffingtonpost.com,sX834\tXNR1,fgilleanj6
692,ebinnesj7@hhs.gov,gI255!+nLUub*\mS,fcoulesj7
693,phaslingj8@theglobeandmail.com,tP0778*+MXyxjjW,mciscoj8
694,jhovardj9@ca.gov,eV945R~QK_q?,jkleinholzj9
695,ppigneja@yellowpages.com,yQ645'o<J7RCCRx,dcastiglionija
696,treussjb@indiegogo.com,nN458LZkcJr7t,clinsteadjb
697,afooterjc@linkedin.com,gV961.>oU$u6+D@/,arenhardjc
698,spowlettjd@histats.com,xQ243SZL=fn,lthorburnjd
699,elathwoodje@home.pl,gN935j`zaV,jridingje
700,bswarbriggjf@marriott.com,"mV396,G+bt?2_",nharsejf
701,dmacalpinejg@godaddy.com,mH201~lpt(Y0me,ewilborejg
702,caverayjh@yellowbook.com,dG292dGv|_,ghughjh
703,bschimekji@vinaora.com,qQ556Cq9rXpzX,btrawinji
704,breefjj@devhub.com,eH184l&+N0F,flivzeyjj
705,jpottjk@google.nl,iI109RMB!q,bsunnersjk
706,ctiftjl@kickstarter.com,cG8667Ps5I,eskellsjl
707,hleggingjm@ehow.com,nK067qsz$/Xq{,jwixeyjm
708,sboerderjn@acquirethisname.com,lL732=PA=fPU{@j,yrecordsjn
709,fcombenjo@theatlantic.com,nY168C)&EBhPY#gE,sstaresmearejo
710,jcrummyjp@discovery.com,"eW290pzwT@3,0",ahowelsjp
711,gbradenjq@mozilla.org,vF920u6aBRbSW"r,umcvickerjq
712,findruchjr@infoseek.co.jp,lO698@tKqt,adeaconsonjr
713,dlaycockjs@china.com.cn,wK523fKy_,mroddiejs
714,charsesjt@amazonaws.com,eE936{AZ{u,fogdahljt
715,sdriffillju@abc.net.au,aM613p?S(lTr?M$7,lmcelroyju
716,cholttomjv@pinterest.com,uM246'%Ml,mspanswickjv
717,shaddintonjw@rakuten.co.jp,xX160E?XwS?\,jmaultjw
718,zbarnshawjx@nps.gov,wP236*Xk%\kOZ,gashardjx
719,cfeldmarkjy@latimes.com,aA025Q"o}Ng(6U,fdoolejy
720,lmcalljz@shutterfly.com,xK519)cS',mbeavenjz
721,rbleakleyk0@sfgate.com,gK80273M2,kwinsomk0
722,hblizardk1@whitehouse.gov,sI977=abD/\FsY,smedlark1
723,bashwink2@addthis.com,"mO270fZIm.Wt,w",ejolink2
724,hlangridgek3@usatoday.com,lQ752Uy{bCWt,tchesnayk3
725,ccornehlk4@constantcontact.com,iA910|z5,cwagstaffk4
726,aantoniask5@yahoo.co.jp,tK490rGx,ctouseyk5
727,colenichevk6@tripadvisor.com,rQ668Paw,wsnowmank6
728,bdenisotk7@unblog.fr,pK283O3%U,eranscombk7
729,atronik8@sohu.com,"oP669j,)Y3/dTw=",beroniek8
730,wjeank9@opensource.org,tW957nNc}w_#,ksylvainek9
731,jsandomka@myspace.com,rF341e*0#p,rsheachka
732,emcelrathkb@moonfruit.com,"zM967W/#\""cx.},E",wvidlockb
733,dfidginkc@51.la,xL3459t|yP1,mwishkarkc
734,pgrindlaykd@blog.com,aZ732@CSo6Sf,asumpterkd
735,afroudeke@skyrock.com,"pH437!}PLeY@8,W",ycrustke
736,ddanhelkf@etsy.com,yQ9841J",zshenleykf
737,phurtkg@vimeo.com,pU285fcp.}5J,bpillingkg
738,wmacalasterkh@sciencedirect.com,"vL311V,5/h`Rs3",fmatuszykkh
739,tovendenki@pinterest.com,rU600qzi=IE,gchinneryki
740,sofihilliekj@utexas.edu,gY196o$/v,amccloykj
741,ndimnagekk@goodreads.com,"nS790*Q,3}deFN",pkendellkk
742,mkeyworthkl@bing.com,aP7436M6!w_Cu,smarwickkl
743,jtwallinkm@multiply.com,hR267/zxJRDKt,omabekm
744,vbrosettikn@xrea.com,fR978${g!,cdanielskikn
745,rmushrowko@wp.com,eF202~qM~!Xr,cfredianiko
746,rcridlandkp@google.ru,fE98924|#,dovendenkp
747,jvondrakq@ucsd.edu,aF831}/>s2,bhabblekq
748,aridettkr@nih.gov,"sR168,Y2UWRONP",ccuzenkr
749,amcfeatks@noaa.gov,nG972P'i,rattoeks
750,arottekt@nytimes.com,uG832=9Sg=Z,sodonohuekt
751,rgittingsku@liveinternet.ru,mS709?xJ)#M,pstanyardku
752,ewemkv@businessweek.com,eP273$ku4#M3,dcristoforikv
753,gbaptistekw@webeden.co.uk,eR738"&v,tkyntonkw
754,hcomelinikx@who.int,tE157&TJ,lgeraultkx
755,adoucheky@deviantart.com,jJ620`k4UT<Bq+e,fmcettigenky
756,jrimourkz@oracle.com,pA065KYHE*67,dtinklinkz
757,jlapleyl0@yellowpages.com,qD423A*R?d7z,ahawneyl0
758,klegoodl1@usatoday.com,sH3665_>k<i=Wad,pmayzesl1
759,smacshiriel2@booking.com,zT8986\%Z=7,tzarfatil2
760,aghidinil3@webmd.com,wF607xKj3WH!w,mangliml3
761,dquixleyl4@eventbrite.com,pR386>)zR$,scrossfeldl4
762,lallmanl5@blogspot.com,yE671crEJfg`_Ib,wsimakl5
763,hrowthornel6@ehow.com,nS026DMBE,lscusel6
764,rhowittl7@cdc.gov,sO878~Ubz+,twindmilll7
765,dbeestonl8@over-blog.com,bC363QOooN}esaA~,thubboldl8
766,gvannil9@epa.gov,mG350eIc,bmarietonl9
767,mbarhemsla@w3.org,dD688wJndPU,ccharlesworthla
768,epeadenlb@taobao.com,rQ6570@QLs/y\uL,fstanbralb
769,agoodgerlc@paypal.com,eS244UB1=z,cbillyardlc
770,bblamphinld@timesonline.co.uk,gD632iTuh.rl},zdanielianld
771,dburgerle@linkedin.com,vY970(UkQqRQ,abackshallle
772,cgotfreylf@surveymonkey.com,pL4818<Uto{,hbarterlf
773,skemelllg@simplemachines.org,gQ446Y#Ps,plillemanlg
774,bstuckeslh@ebay.co.uk,kW537_'9$N%%L,mgosfordlh
775,sdabelsli@senate.gov,kX305cN371!5W"Fi,sjohnsonli
776,holivalj@bbb.org,gT166MTr(=I+r8tv,eprottlj
777,smissenlk@wiley.com,gF010N0*'9K4r9~,abaudainslk
778,dsmowtonll@soundcloud.com,sY998Yjk8R{"qwD,dkenlinll
779,aduxbarrylm@gravatar.com,rW843)Esi,wakramlm
780,okleslln@zimbio.com,tR605c6J$7/,nblundinln
781,fwebberlo@nbcnews.com,bC226WK9|cq,mbauldlo
782,amiddlemistlp@hexun.com,aP127XDadvrBWu#,rgoburnlp
783,eellisslq@acquirethisname.com,iR094aC<qn,odeverillelq
784,rchagglr@google.com.hk,jJ233#sfUpz,ezuenellilr
785,cpeakerls@dagondesign.com,wG790Iq9ZGJI)<,eodals
786,gpeelelt@ehow.com,gY863CC3v*TMa}$5,mhinzelt
787,tapplebeelu@feedburner.com,"dA123,By",obraneylu
788,zcomiamlv@who.int,xC325Y/>i9S}L1,rrockelllv
789,dstibbslw@hhs.gov,vP805EvA,cchalfontlw
790,hbramfordlx@forbes.com,dT189sA`J4i,caizlewoodlx
791,agoodluckly@independent.co.uk,vG315C7@f|,sdollardly
792,baltonlz@yelp.com,lF4900graB,apenellalz
793,ncornesm0@example.com,dX973OIDz/,hgiggm0
794,abrouwerm1@list-manage.com,"gG122,Mc",tbrennenstuhlm1
795,asetonm2@nymag.com,rQ586!lK04l><4|,mdraycottm2
796,jbleibaumm3@issuu.com,nH8739/3V7f,dmcmurtyrm3
797,chobblem4@ft.com,iR754"3e/nLC`,gadelm4
798,sdanam5@squidoo.com,pZ625kN)&_0Em,cwaldramm5
799,lbaggallaym6@xinhuanet.com,vA332=5*,asappellm6
800,jjessenm7@xinhuanet.com,xJ548=PkF,vtillotm7
801,qmauchlinem8@google.de,yR854=$u,cobraddenm8
802,dkaaskooperm9@trellian.com,uU285N%9If6oog,atreadgearm9
803,ljerdonma@last.fm,mH781h~eVij`,bcapesma
804,shelksmb@theatlantic.com,tJ556Ujq,ekubistamb
805,acloneymc@archive.org,jG370Jqs.7gUu,akulvearmc
806,dpreatormd@ucsd.edu,zS549KRs`,dtraytemd
807,znuttenme@oracle.com,dG439&s)=_,smatthiesenme
808,cplaydenmf@homestead.com,kP101c5"<,rmangeotmf
809,bmcgilbonmg@spotify.com,"zD916.iM89,",pclellmg
810,lwadhammh@wikimedia.org,cS124ZdYnB,tdenningtonmh
811,jgoskermi@msu.edu,mH722?QeE,wfazanmi
812,ttiebemj@ft.com,dQ851(H=~TvF6nwm,nsquibbesmj
813,gstoakleymk@narod.ru,jH760DaziTz@),echassonmk
814,abreacheml@nba.com,fX094.3qwSoVe5|?,rburlingml
815,bgradlymm@devhub.com,gQ276#'A,fmazdonmm
816,gdewanemn@kickstarter.com,oQ903Z%v2?5L,pdewerkmn
817,bgyteshammo@state.gov,mO958O>mOU'r\|,lbidgodmo
818,swhitloemp@vinaora.com,yO8455BU,ccarlonmp
819,rmactrustymq@youku.com,aR364GubLvSh,bborhammq
820,kbruntjenmr@yale.edu,pU859#Xp,ssissotmr
821,wkunradms@google.com.au,hA411y=Z%6D,rgreshamms
822,vbeeresmt@msu.edu,cQ4139s~yM0M,equantmt
823,awattsmu@youku.com,hS182KgD0C,yungerermu
824,rgellettmv@intel.com,uL3579aJ&hxa,aflecknellmv
825,mollcottmw@storify.com,tU016$4sVe,bvonweldenmw
826,cfishburnmx@theatlantic.com,vO295l2jBct==,bwillischmx
827,msherewoodmy@army.mil,hO991}aR,tseviourmy
828,rjanotamz@hibu.com,sD058q(d/,psimunekmz
829,dpretswelln0@cocolog-nifty.com,jF772|Cc>D<2|MIR,jscrivinern0
830,fbrikn1@wix.com,pA520_+j>`,bbohann1
831,dkitchenn2@accuweather.com,eH152{ipB,aotyn2
832,lboostn3@4shared.com,qI6536\.Ed!,gempsn3
833,mbadrickn4@latimes.com,xS1989eh&BJ|,cbernthn4
834,bcrimpn5@vinaora.com,rG763oT<hEN2_,nmenicon5
835,groxbyn6@vistaprint.com,"mD950,`,",wdulwichn6
836,ubachen7@ihg.com,fI180qwkG,wdavinetn7
837,cswannackn8@msn.com,bN924<4Yq@_eE>s,gwildesn8
838,bfearyn9@blog.com,rU401e~D)R,gyerburyn9
839,tjeromena@geocities.jp,qT797D="VV=hb,acollcottna
840,kpachtnb@umich.edu,yA439Q&*,ifrawleynb
841,ndouchnc@amazon.co.jp,jV223{s$Bwy@,rjirickanc
842,wgreepnd@globo.com,gX935'}|3GbqO,dgurnettnd
843,rstairne@trellian.com,vH457EN$'V"w@,rjurriesne
844,ageroldininf@ovh.net,fG929q+9x,fkingswoodnf
845,soldreyng@addthis.com,mC771$T/,lferencng
846,estaddennh@aol.com,wR318c?rfAhQ,dkneenh
847,ahanckeni@ucla.edu,mU697ZJpiAYt,bemanulssonni
848,rmckinlessnj@blogspot.com,nV134%)=*RzKjm,bwoolwardnj
849,mmcphailnk@sogou.com,vD258A!Q!{,talabasternk
850,yeakeleynl@walmart.com,gF884"R+l}x,hhulbertnl
851,cmillenm@multiply.com,oC321lR!=}|`ywJ|,elambartonnm
852,ckobierann@goodreads.com,fY228?>}6,mgoldringnn
853,lbiltonno@whitehouse.gov,wP151}8$j,hdunstanno
854,hzanardiinp@wired.com,kZ599~/nn,wkerrnp
855,mchastneynq@google.co.jp,mH702s{n"\oA,forwellnq
856,jdollinnr@nifty.com,uK455p7/,jvarvellnr
857,wdammarellns@howstuffworks.com,qW716`.|K,pwoodruffens
858,upothecarynt@yellowbook.com,"kL978W,Y",zswaislandnt
859,rmohammednu@cornell.edu,tB658R=S}i1,rlogesdalenu
860,vvolkesnv@redcross.org,cS618HhC77al,gbevarnv
861,aiowarchnw@foxnews.com,qP108.w|D,csailsnw
862,wlampkinnx@icio.us,qF134&)i~"!l,fmccobbnx
863,mcaldicotny@apple.com,yP981da7O,fgroobyny
864,qklaesnz@webs.com,sC355a+A*+6J1o,bdynenz
865,jnibleyo0@techcrunch.com,mT702m9ul|9,rgorvetteo0
866,ehauxwello1@flickr.com,vP458F*k>BM,krollasono1
867,aboarleysono2@intel.com,cC303&=5M,obolderstoneo2
868,jarro3@china.com.cn,pW342uu.,mgroombridgeo3
869,bdabinetto4@smh.com.au,lD569TM9,tcriniono4
870,eschoolingo5@altervista.org,"jV433B,Sj",lstanmano5
871,mlemoucheuxo6@ebay.com,hA228dG#,beltono6
872,bweildo7@squidoo.com,fR516Hx@_x~,nbrennanso7
873,afarrando8@ted.com,bK152ZXR<@S,thoffnero8
874,dellinso9@paypal.com,kD579=g_zto<d,mpattingtono9
875,kameroa@ucla.edu,fI666eLR8V}n+O~,kcapaldooa
876,tthrelfallob@cnn.com,aQ9541Z{Gc8D,lvasiliuob
877,pbeverstockoc@gravatar.com,rM784gj<SaBUR,fraoultoc
878,fspandleyod@usatoday.com,tQ3927MxhMvDQ>pR,bhandmanod
879,rblaxilloe@msn.com,uQ120'U/#A57Dt2b,gbroschoe
880,cbumphreyof@washingtonpost.com,kB233SzynL2c,gleahof
881,rgladerog@amazon.de,fP556l6dDXubAoc,jcrixog
882,kguddeoh@soundcloud.com,vV023Zclm?,slethabridgeoh
883,knannininioi@geocities.jp,bN441llxe3+SO,tedgaroi
884,jgoulborneoj@comcast.net,zA697ex%E",icroshamoj
885,cbeinkeok@upenn.edu,mW431kh/c.YWp4,aeyamok
886,egallihawkol@illinois.edu,bU510%q1wvS+f>}Z,njahnigol
887,gassenderom@lulu.com,yT139(%@nQU,lwoltonom
888,gincognaon@mozilla.org,hX658s{O,jstubbingson
889,gwhitmoreoo@dagondesign.com,kK811in5zcwLgRJh,tcraythorneoo
890,eperagoop@blogs.com,aH145_o*TB{DV4R2,apeppinop
891,ctoffolinioq@imgur.com,pW367HKh!WU",ssamsoq
892,gfilewoodor@ow.ly,nJ694'UV,gbrainor
893,sledraneos@princeton.edu,fE212c9Db,wbyeros
894,aloosmoreot@i2i.jp,cC7941\?h,traunot
895,ddruryou@ehow.com,iC491)b#4%q/zh,dedmondsonou
896,freijmersov@shinystat.com,kG066MgHYoBN*',cblackstonov
897,lcaulwellow@themeforest.net,qR386+|(c,woscollainow
898,gibbottox@dailymail.co.uk,jD0988IW07Z@,inagleox
899,dpharooy@fastcompany.com,pT007a3nOAq,ssprasenoy
900,agisburnoz@google.cn,iO762.gstXjtH',cgatmanoz
901,bgrinstonp0@unc.edu,bA092pj467Q=?D?Q,bcoldbreathp0
902,pberep1@histats.com,qP211~e6MEPDAlZ,ewilmanp1
903,dhunnablep2@last.fm,yQ546?MU85|kN,fhateleyp2
904,cconklinp3@last.fm,"nW451a,T|n",squarriep3
905,salonsop4@nymag.com,iC603e<S1,mnellerp4
906,jrymourp5@qq.com,aS726?bh{,nguilbertp5
907,stittertonp6@pagesperso-orange.fr,rO734TS7)k}zz@,scarlonip6
908,ncavillap7@addthis.com,fD214lSO,sarrop7
909,mslopierp8@icq.com,aJ228ukwGo?,alennardp8
910,aspenceleyp9@merriam-webster.com,vS227#jwk,dwillesp9
911,cmcwhanpa@feedburner.com,qS709$S%0Qj_Dd,afilppettipa
912,hscotchmorepb@independent.co.uk,fI937iW2t)g{Vyl',mwinkpb
913,awarrenpc@flavors.me,qJ6038HEtu`C,alipgenspc
914,mgoarepd@unicef.org,vY052/EM_W6j,bklarzynskipd
915,cburnsidepe@tinypic.com,gQ291Jo%Bx{,mholleworthpe
916,sdelislepf@msu.edu,"eV515$$3Ch,#P",cduftypf
917,cwisampg@soup.io,sG521.?z4A5'3,amathetpg
918,rbuggph@cornell.edu,aW900D)7"(bAwFcq,aformieph
919,cbickpi@dagondesign.com,fM353Q6T!eD9,nbergstrandpi
920,rhawpj@ucoz.ru,wP920SNH&!a1(w,egodainpj
921,vcurnokpk@jiathis.com,kE847&$!z,eattwoodpk
922,njukubczakpl@chicagotribune.com,xX053a3B,tovitzpl
923,mbenasikpm@reuters.com,uZ653K{6Vxi3E,gstarmerpm
924,sseidpn@techcrunch.com,lR842&oO,tgilmanpn
925,npiscopiellopo@ycombinator.com,fZ063~~E=_YaC8Sj,sjohnseypo
926,eharkpp@ehow.com,fY575o7/?ffR,msweetenhampp
927,cmantripppq@japanpost.jp,bC380arfm,edubockpq
928,rfranceypr@webs.com,eQ920x>9q8c,twhelbandpr
929,gharbottleps@netvibes.com,oD522p7_|V+q44I,fnijssenps
930,afilipiakpt@com.com,"zY199y@nCYmV$x3,",agoleypt
931,icowndenpu@cnn.com,tA703b&n`t,alytlepu
932,wmagauranpv@homestead.com,sQ552V~()=Ud,emunroepv
933,vproschpw@cdbaby.com,qT922e!yG,ateatherpw
934,sesbrookpx@weibo.com,sQ228oM&+s=,crustepx
935,acaveepy@wikia.com,yV930I}gor,icollingworthpy
936,acaraspz@bloglines.com,rP934ojx@*~_#HN,cflemmichpz
937,ibloanq0@craigslist.org,nC403$?PLe2k/g!,fcrossonq0
938,cmacnessq1@hc360.com,xJ335g!YlX3U61,hphizackleaq1
939,ccharteq2@storify.com,hB703qzJpOX},dmagraneq2
940,iskedgellq3@photobucket.com,hS725@QmZWS,phumphersonq3
941,jdanherq4@is.gd,nW804&EU,ekleinfeldq4
942,slygoeq5@wikipedia.org,mC137Q%HJ,kbythwayq5
943,mburnupq6@privacy.gov.au,mN839lJr.o0#l)0,asartenq6
944,mhunnisettq7@qq.com,cY793z2(39|,rschenfischq7
945,mlequesneq8@dmoz.org,fZ859"<f3Ry,hmccloudq8
946,dbourleyq9@imdb.com,lF173jsuXQLyqpB8,koleahyq9
947,lnuddeqa@vinaora.com,gL389`zN>M{i\K,pparamorqa
948,wmcpeckqb@uol.com.br,"dD8719h,g",rbesantqb
949,kgiblinqc@vk.com,bF914APnZKW%XdW,khundalqc
950,agallonqd@google.com,cY655ip&,cconahyqd
951,dseeksqe@who.int,kO4621nkhGO@,cemmetqe
952,chaldenqf@state.tx.us,hV301srE.Fc!_mTt,gkrauzeqf
953,jtrewinqg@squarespace.com,tI069x5tWp,sfennickqg
954,cbrattenqh@abc.net.au,"dJ010`,P0&",achermqh
955,ydukerqi@umn.edu,iG287uuK>@,rbecketqi
956,bgiuronqj@usda.gov,yS629DglFLu',djaquemeqj
957,tpetreczqk@utexas.edu,gP5024PldOi'>jx,dscownqk
958,pdunphieql@bizjournals.com,bX564+SBBcF.z,ccuffql
959,bkingswoodqm@biblegateway.com,hH903o+wCCfQ,bmccardqm
960,iglennieqn@angelfire.com,dN916'4$$YqoA,bsacklerqn
961,ldoneldqo@bravesites.com,pH312>E=k"&ts3i7,adydeqo
962,rtemperleyqp@domainmarket.com,gM013T2X{09?"TW,kmoringqp
963,nbraddenqq@npr.org,eX516Y_MW=N+q,wlochqq
964,traffertyqr@google.pl,fX422j+_sx5zv,nperazzoqr
965,gbreckellqs@freewebs.com,lG435t&sn?Wn+M0,dfugglesqs
966,asandbrookqt@virginia.edu,dU5049Vuos+p,amooreyqt
967,fmccreequ@ft.com,yW921WO.5_"M?$O,dblameyqu
968,twickershamqv@google.com.au,mI290Q'@xSODee,dgarbuttqv
969,ahachetteqw@bloglovin.com,kO647?syU@}wV/?,lmarshlandqw
970,eeadyqx@github.com,uC981cx~,slasteqx
971,ffridayeqy@alibaba.com,vY519Z3$"FX,ksouthardqy
972,bgoodliffqz@abc.net.au,xJ922APkQHsX",aswannqz
973,tbadderr0@gov.uk,hV313UUO|E_f,lsindallr0
974,bdragoer1@imgur.com,aA100bi8<`Ri,esextenr1
975,wsturzakerr2@mayoclinic.com,sW991|Lg4{F,abernettir2
976,mhancockr3@wikia.com,kM567b)%,ashiner3
977,givanikovr4@springer.com,vH126@vOm#,edoumencr4
978,ebuckier5@cbslocal.com,pZ557{#V,paltreer5
979,hkettr6@rambler.ru,sD627p_"Xo,klittr6
980,sbroomerr7@jimdo.com,uC265Z%1FjyTj`,asalleirr7
981,ngosneyr8@naver.com,zC354m%LrBb,npowterr8
982,jgerkensr9@godaddy.com,iJ1587bB|Fw,mblazewskir9
983,crodolfira@sina.com.cn,iB612bRq?#_,jiacovolora
984,rfowlestonerb@home.pl,jO648+d1v3WN,dmallalieurb
985,jarrighinirc@acquirethisname.com,yG180Sw`Z3kw2xRe,fpeetrc
986,ecullenrd@google.ca,tC932({5WwSor%,gforesightrd
987,jmeliorre@bigcartel.com,rR555mQ#98*Q,stonkesre
988,gflahyrf@gmpg.org,yN273StGEv@TJeM,pallewellrf
989,jranaldrg@census.gov,sT92673A!=g,rtitteringtonrg
990,ccicerorh@mac.com,uK696JjHFo~P`iCt,ccauderlierh
991,mrohanri@wikia.com,sM483v#h4(d,ccouplandri
992,sworsfoldrj@cpanel.net,oG916p(?%1KM,mlaythamrj
993,dbottrellrk@odnoklassniki.ru,lX889cN+ck,tglasermanrk
994,mcoverdalerl@fda.gov,eI661iE'Q',mfrightrl
995,cchillistonerm@gravatar.com,bP800I~PE<),asemberrm
996,eshoebothamrn@oakley.com,lY469f|V,lmquhanrn
997,kwhitelyro@omniture.com,xK578dWPk&*>(9h,kkemshellro
998,mtierneyrp@nasa.gov,hJ988Kf84z_ts<,srowterrp
999,ebonevantrq@princeton.edu,xS892<wWsB&LLYF6,hlaileyrq
1000,jcattersonrr@dion.ne.jp,pT122mr|KeY,mdobsonsrr
